"OpenLabel","OpenLabel"
"General","General"
"Enable OpenLabel","Enable OpenLabel"
"Turns label rendering on for this scope. Labels are still indexed while disabled.","Turns label rendering on for this scope. Labels are still indexed while disabled."
"Labels","Labels"
"Designs","Designs"
"Edit custom CSS of designs","Edit custom CSS of designs"
"Enter a name for the label.","Enter a name for the label."
"Choose a design for the label.","Choose a design for the label."
"Pick at least one placement so the label appears somewhere.","Pick at least one placement so the label appears somewhere."
"The end date must be after the start date.","The end date must be after the start date."
"Placement area ""%1"" is not available in this version.","Placement area ""%1"" is not available in this version."
"Placement position ""%1"" is not available in this version.","Placement position ""%1"" is not available in this version."
"Stacking must be vertical or horizontal.","Stacking must be vertical or horizontal."
"Max labels must be between 1 and 10.","Max labels must be between 1 and 10."
"Gap must be between 0 and 64 px.","Gap must be between 0 and 64 px."
"Offsets must be between -200 and 200 px.","Offsets must be between -200 and 200 px."
"Enter a name for the design.","Enter a name for the design."
"Design type must be text, image or shape.","Design type must be text, image or shape."
"Enter the label text for the default store view.","Enter the label text for the default store view."
"Upload an image for this design.","Upload an image for this design."
"Enter alternative text for the image.","Enter alternative text for the image."
"Shape must be rectangle, circle, ribbon, corner or pill.","Shape must be rectangle, circle, ribbon, corner or pill."
"Colours must be hex values such as #e11d48.","Colours must be hex values such as #e11d48."
"Width must be between 1 and 100 percent.","Width must be between 1 and 100 percent."
"Width must be between 8 and 600 px.","Width must be between 8 and 600 px."
"Size mode must be percent or px.","Size mode must be percent or px."
"Opacity must be between 0 and 100.","Opacity must be between 0 and 100."
"The label could not be saved.","The label could not be saved."
"The label could not be saved: %1","The label could not be saved: %1"
"The label could not be deleted: %1","The label could not be deleted: %1"
"Label with ID ""%1"" does not exist.","Label with ID ""%1"" does not exist."
"The design could not be saved.","The design could not be saved."
"The design could not be saved: %1","The design could not be saved: %1"
"The design could not be deleted: %1","The design could not be deleted: %1"
"Design with ID ""%1"" does not exist.","Design with ID ""%1"" does not exist."
"The design ""%1"" is used by %2 label(s). Change their design first.","The design ""%1"" is used by %2 label(s). Change their design first."
"Unsupported label implementation %1.","Unsupported label implementation %1."
"Unsupported design implementation %1.","Unsupported design implementation %1."
"Conditions Combination","Conditions Combination"
"Product Attribute","Product Attribute"
"Yes","Yes"
"No","No"
"On sale","On sale"
"Discount (%)","Discount (%)"
"Discount (amount)","Discount (amount)"
"Final price (after discounts)","Final price (after discounts)"
"Regular price","Regular price"
"Within ""Set Product as New"" dates","Within ""Set Product as New"" dates"
"Days since created","Days since created"
"Days since updated","Days since updated"
"In stock (salable)","In stock (salable)"
"Salable quantity","Salable quantity"
"Average rating (stars)","Average rating (stars)"
"Number of reviews","Number of reviews"
"OpenLabel Products","OpenLabel Products"
"Which OpenLabel label applies to which product, per store view and customer group","Which OpenLabel label applies to which product, per store view and customer group"
"The OpenLabel full reindex is already running.","The OpenLabel full reindex is already running."
"1 day","1 day"
"%1 days","%1 days"
"1 hour","1 hour"
"%1 hours","%1 hours"
